{"Sheet1": [
    {
      "Patient ID": 51,
      "Name": "Tiffany Ramirez",
      "Age": 81,
      "Gender": "Female",
      "Date": 44882,
      "Height(Inches)": 65.78331,
      "Weight(Pounds)": 112.9925,
      "Blood Type": "O-",
      "Blood Pressure": 115.38043205572478,
      "Oxygen level": 100,
      "Heart Rate": 81.24395322815391,
      "Blood Sugar": 80.21929968749062,
      "Cholestrol": 182.63819061738843,
      "Body Temeperature": 37.166575154677666,
      "Sleep Hours": 5,
      "BMI": 18.355807678302504,
      "Water Intake": 65.49972550768139,
      "Stress Level": 0.012989752398294807,
      "Stress Level Type": "Low",
      "Steps": 5269
    },
    {
      "Patient ID": 52,
      "Name": "Ruben Burns",
      "Age": 35,
      "Gender": "Male",
      "Date": 45078,
      "Height(Inches)": 71.51521,
      "Weight(Pounds)": 136.4873,
      "Blood Type": "O+",
      "Blood Pressure": 116.10721203185875,
      "Oxygen level": 96,
      "Heart Rate": 79.64691610139366,
      "Blood Sugar": 82.16343232838861,
      "Cholestrol": 188.07461657759978,
      "Body Temeperature": 36.53356089705053,
      "Sleep Hours": 12,
      "BMI": 18.76077310684635,
      "Water Intake": 85.63567878898697,
      "Stress Level": 0.29912229854620165,
      "Stress Level Type": "Low",
      "Steps": 4459
    },
    {
      "Patient ID": 53,
      "Name": "Chad Byrd",
      "Age": 61,
      "Gender": "Male",
      "Date": 43474,
      "Height(Inches)": 69.39874,
      "Weight(Pounds)": 153.0269,
      "Blood Type": "B-",
      "Blood Pressure": 98.86366953130467,
      "Oxygen level": 98,
      "Heart Rate": 72.69343727083003,
      "Blood Sugar": 83.15385342572563,
      "Cholestrol": 167.96007694591856,
      "Body Temeperature": 37.08777457061704,
      "Sleep Hours": 10,
      "BMI": 22.33674748017829,
      "Water Intake": 88.00302129549098,
      "Stress Level": 0.24535862029344946,
      "Stress Level Type": "Low",
      "Steps": 4599
    }
] }